,mean_fit_time,std_fit_time,mean_score_time,std_score_time,param_max_depth,param_max_features,param_min_samples_leaf,param_min_samples_split,param_n_estimators,params,split0_test_score,split1_test_score,split2_test_score,split3_test_score,split4_test_score,mean_test_score,std_test_score,rank_test_score
0,0.019199514389038087,0.0007483540848665926,0.0020004749298095704,0.0010957574988679137,,sqrt,1,2,50,"{'max_depth': None, 'max_features': 'sqrt', 'min_samples_leaf': 1, 'min_samples_split': 2, 'n_estimators': 50}",,,,,,,,1
1,0.03780007362365723,0.0009787915562584936,0.0021993637084960936,0.00039949425651565775,,sqrt,1,2,100,"{'max_depth': None, 'max_features': 'sqrt', 'min_samples_leaf': 1, 'min_samples_split': 2, 'n_estimators': 100}",,,,,,,,1
2,0.07429065704345703,0.0008603838665581084,0.003000020980834961,4.76837158203125e-07,,sqrt,1,2,200,"{'max_depth': None, 'max_features': 'sqrt', 'min_samples_leaf': 1, 'min_samples_split': 2, 'n_estimators': 200}",,,,,,,,1
3,0.019200992584228516,0.0009809417527753737,0.0011990070343017578,0.0004007817874842334,,sqrt,1,5,50,"{'max_depth': None, 'max_features': 'sqrt', 'min_samples_leaf': 1, 'min_samples_split': 5, 'n_estimators': 50}",,,,,,,,1
4,0.03640027046203613,0.0008009935137818612,0.0018001556396484374,0.00040059672860994026,,sqrt,1,5,100,"{'max_depth': None, 'max_features': 'sqrt', 'min_samples_leaf': 1, 'min_samples_split': 5, 'n_estimators': 100}",,,,,,,,1
5,0.07277445793151856,0.0007441040782811717,0.0029994487762451173,1.2669878249727652e-06,,sqrt,1,5,200,"{'max_depth': None, 'max_features': 'sqrt', 'min_samples_leaf': 1, 'min_samples_split': 5, 'n_estimators': 200}",,,,,,,,1
6,0.01840047836303711,0.0004896494575990284,0.0013993740081787109,0.0004902916458558319,,sqrt,1,10,50,"{'max_depth': None, 'max_features': 'sqrt', 'min_samples_leaf': 1, 'min_samples_split': 10, 'n_estimators': 50}",,,,,,,,1
7,0.035998868942260745,5.091227651611e-07,0.002201271057128906,0.0004003308902843091,,sqrt,1,10,100,"{'max_depth': None, 'max_features': 'sqrt', 'min_samples_leaf': 1, 'min_samples_split': 10, 'n_estimators': 100}",,,,,,,,1
8,0.07136287689208984,0.0009622847545614228,0.003399562835693359,0.0008000376540267804,,sqrt,1,10,200,"{'max_depth': None, 'max_features': 'sqrt', 'min_samples_leaf': 1, 'min_samples_split': 10, 'n_estimators': 200}",,,,,,,,1
9,0.01820030212402344,0.000400472294114926,0.001399993896484375,0.0004895901227128668,,sqrt,2,2,50,"{'max_depth': None, 'max_features': 'sqrt', 'min_samples_leaf': 2, 'min_samples_split': 2, 'n_estimators': 50}",,,,,,,,1
10,0.03599996566772461,0.0006322635852330683,0.0019997119903564452,0.0006321839103327907,,sqrt,2,2,100,"{'max_depth': None, 'max_features': 'sqrt', 'min_samples_leaf': 2, 'min_samples_split': 2, 'n_estimators': 100}",,,,,,,,1
11,0.07378134727478028,0.003057082368858953,0.003229236602783203,0.00038956850504661783,,sqrt,2,2,200,"{'max_depth': None, 'max_features': 'sqrt', 'min_samples_leaf': 2, 'min_samples_split': 2, 'n_estimators': 200}",,,,,,,,1
12,0.018999862670898437,0.0012655356582138286,0.0012001514434814454,0.00039949419960027334,,sqrt,2,5,50,"{'max_depth': None, 'max_features': 'sqrt', 'min_samples_leaf': 2, 'min_samples_split': 5, 'n_estimators': 50}",,,,,,,,1
13,0.036389827728271484,0.000714364163713069,0.0021991729736328125,0.00039970924205049796,,sqrt,2,5,100,"{'max_depth': None, 'max_features': 'sqrt', 'min_samples_leaf': 2, 'min_samples_split': 5, 'n_estimators': 100}",,,,,,,,1
14,0.0760892391204834,0.002576460610062638,0.003921890258789062,0.0006521757891509322,,sqrt,2,5,200,"{'max_depth': None, 'max_features': 'sqrt', 'min_samples_leaf': 2, 'min_samples_split': 5, 'n_estimators': 200}",,,,,,,,1
15,0.01999983787536621,0.0014143471651760372,0.001200103759765625,0.0003997564991222722,,sqrt,2,10,50,"{'max_depth': None, 'max_features': 'sqrt', 'min_samples_leaf': 2, 'min_samples_split': 10, 'n_estimators': 50}",,,,,,,,1
16,0.040900564193725585,0.0033413128454048355,0.001998615264892578,2.6004024895545924e-06,,sqrt,2,10,100,"{'max_depth': None, 'max_features': 'sqrt', 'min_samples_leaf': 2, 'min_samples_split': 10, 'n_estimators': 100}",,,,,,,,1
17,0.07220077514648438,0.0011654030671145754,0.0029992103576660157,1.0936112347774234e-06,,sqrt,2,10,200,"{'max_depth': None, 'max_features': 'sqrt', 'min_samples_leaf': 2, 'min_samples_split': 10, 'n_estimators': 200}",,,,,,,,1
18,0.018599462509155274,0.0007999897784780862,0.001200723648071289,0.0003998048652845718,,sqrt,4,2,50,"{'max_depth': None, 'max_features': 'sqrt', 'min_samples_leaf': 4, 'min_samples_split': 2, 'n_estimators': 50}",,,,,,,,1
19,0.03619966506958008,0.0007481755016828601,0.001999950408935547,2.86102294921875e-07,,sqrt,4,2,100,"{'max_depth': None, 'max_features': 'sqrt', 'min_samples_leaf': 4, 'min_samples_split': 2, 'n_estimators': 100}",,,,,,,,1
20,0.0712735652923584,0.0018782817399335397,0.003000497817993164,2.9355514472239276e-06,,sqrt,4,2,200,"{'max_depth': None, 'max_features': 'sqrt', 'min_samples_leaf': 4, 'min_samples_split': 2, 'n_estimators': 200}",,,,,,,,1
21,0.0177976131439209,0.0007490783273839105,0.0016015529632568359,0.0004910325788940616,,sqrt,4,5,50,"{'max_depth': None, 'max_features': 'sqrt', 'min_samples_leaf': 4, 'min_samples_split': 5, 'n_estimators': 50}",,,,,,,,1
22,0.03570470809936523,0.00042785016424626824,0.0019997596740722657,0.0006321081246249144,,sqrt,4,5,100,"{'max_depth': None, 'max_features': 'sqrt', 'min_samples_leaf': 4, 'min_samples_split': 5, 'n_estimators': 100}",,,,,,,,1
23,0.0716099739074707,0.0010221471580063664,0.0027982711791992186,0.0003996857877724782,,sqrt,4,5,200,"{'max_depth': None, 'max_features': 'sqrt', 'min_samples_leaf': 4, 'min_samples_split': 5, 'n_estimators': 200}",,,,,,,,1
24,0.018001031875610352,1.6476776641055102e-06,0.0013988971710205077,0.0004905874071646342,,sqrt,4,10,50,"{'max_depth': None, 'max_features': 'sqrt', 'min_samples_leaf': 4, 'min_samples_split': 10, 'n_estimators': 50}",,,,,,,,1
25,0.03599915504455566,0.0006329419688323013,0.002200460433959961,0.00040144933092718145,,sqrt,4,10,100,"{'max_depth': None, 'max_features': 'sqrt', 'min_samples_leaf': 4, 'min_samples_split': 10, 'n_estimators': 100}",,,,,,,,1
26,0.07116069793701171,0.0010598171843934526,0.0029991626739501952,1.1738332390872165e-06,,sqrt,4,10,200,"{'max_depth': None, 'max_features': 'sqrt', 'min_samples_leaf': 4, 'min_samples_split': 10, 'n_estimators': 200}",,,,,,,,1
27,0.020400142669677733,0.0013556790490886093,0.0016002178192138672,0.0004901352159399084,,log2,1,2,50,"{'max_depth': None, 'max_features': 'log2', 'min_samples_leaf': 1, 'min_samples_split': 2, 'n_estimators': 50}",,,,,,,,1
28,0.037512350082397464,0.0015742566167784298,0.0019999980926513673,7.776978697919889e-07,,log2,1,2,100,"{'max_depth': None, 'max_features': 'log2', 'min_samples_leaf': 1, 'min_samples_split': 2, 'n_estimators': 100}",,,,,,,,1
29,0.07939424514770507,0.008742856745959142,0.003199338912963867,0.0003989946140527694,,log2,1,2,200,"{'max_depth': None, 'max_features': 'log2', 'min_samples_leaf': 1, 'min_samples_split': 2, 'n_estimators': 200}",,,,,,,,1
30,0.018798351287841797,0.000748010196006177,0.0018015861511230468,0.00040131218641879297,,log2,1,5,50,"{'max_depth': None, 'max_features': 'log2', 'min_samples_leaf': 1, 'min_samples_split': 5, 'n_estimators': 50}",,,,,,,,1
31,0.03660001754760742,0.0012006045749005255,0.001999235153198242,4.156969970265077e-07,,log2,1,5,100,"{'max_depth': None, 'max_features': 'log2', 'min_samples_leaf': 1, 'min_samples_split': 5, 'n_estimators': 100}",,,,,,,,1
32,0.07453479766845703,0.003118096217781872,0.003328895568847656,0.00041930595184113024,,log2,1,5,200,"{'max_depth': None, 'max_features': 'log2', 'min_samples_leaf': 1, 'min_samples_split': 5, 'n_estimators': 200}",,,,,,,,1
33,0.01995983123779297,0.0012755702861718121,0.0014005661010742187,0.000489998745425609,,log2,1,10,50,"{'max_depth': None, 'max_features': 'log2', 'min_samples_leaf': 1, 'min_samples_split': 10, 'n_estimators': 50}",,,,,,,,1
34,0.0369929313659668,0.0014192996905256327,0.002144193649291992,0.0004412182135200232,,log2,1,10,100,"{'max_depth': None, 'max_features': 'log2', 'min_samples_leaf': 1, 'min_samples_split': 10, 'n_estimators': 100}",,,,,,,,1
35,0.07226371765136719,0.0017457676845798015,0.003599882125854492,0.0004900773781273989,,log2,1,10,200,"{'max_depth': None, 'max_features': 'log2', 'min_samples_leaf': 1, 'min_samples_split': 10, 'n_estimators': 200}",,,,,,,,1
36,0.018897390365600585,0.0006652095852649393,0.0013993263244628906,0.0004890651064236544,,log2,2,2,50,"{'max_depth': None, 'max_features': 'log2', 'min_samples_leaf': 2, 'min_samples_split': 2, 'n_estimators': 50}",,,,,,,,1
37,0.03632230758666992,0.0005701156154758651,0.0017998218536376953,0.00039970955491660013,,log2,2,2,100,"{'max_depth': None, 'max_features': 'log2', 'min_samples_leaf': 2, 'min_samples_split': 2, 'n_estimators': 100}",,,,,,,,1
38,0.07416267395019531,0.001940123457094839,0.003000497817993164,1.0337583250369453e-06,,log2,2,2,200,"{'max_depth': None, 'max_features': 'log2', 'min_samples_leaf': 2, 'min_samples_split': 2, 'n_estimators': 200}",,,,,,,,1
39,0.018400001525878906,0.0008003490522781361,0.0015996932983398438,0.0004894164837878794,,log2,2,5,50,"{'max_depth': None, 'max_features': 'log2', 'min_samples_leaf': 2, 'min_samples_split': 5, 'n_estimators': 50}",,,,,,,,1
40,0.037399578094482425,0.0018541727970836734,0.00200042724609375,1.0070186654063644e-06,,log2,2,5,100,"{'max_depth': None, 'max_features': 'log2', 'min_samples_leaf': 2, 'min_samples_split': 5, 'n_estimators': 100}",,,,,,,,1
41,0.0720973014831543,0.0015572957215077585,0.002999401092529297,1.1039578345098711e-06,,log2,2,5,200,"{'max_depth': None, 'max_features': 'log2', 'min_samples_leaf': 2, 'min_samples_split': 5, 'n_estimators': 200}",,,,,,,,1
42,0.018848705291748046,0.000862176495676765,0.001165294647216797,0.00021249356508468847,,log2,2,10,50,"{'max_depth': None, 'max_features': 'log2', 'min_samples_leaf': 2, 'min_samples_split': 10, 'n_estimators': 50}",,,,,,,,1
43,0.036400985717773435,0.0008278997930941932,0.0019490242004394532,0.00010541891477945489,,log2,2,10,100,"{'max_depth': None, 'max_features': 'log2', 'min_samples_leaf': 2, 'min_samples_split': 10, 'n_estimators': 100}",,,,,,,,1
44,0.07267789840698242,0.002709453935956417,0.0034001350402832033,0.0004892592163821859,,log2,2,10,200,"{'max_depth': None, 'max_features': 'log2', 'min_samples_leaf': 2, 'min_samples_split': 10, 'n_estimators': 200}",,,,,,,,1
45,0.01960101127624512,0.0017426791723714659,0.0015988826751708984,0.0004893426283948648,,log2,4,2,50,"{'max_depth': None, 'max_features': 'log2', 'min_samples_leaf': 4, 'min_samples_split': 2, 'n_estimators': 50}",,,,,,,,1
46,0.036573028564453124,0.0011060524980141453,0.002000093460083008,1.7841612752790171e-06,,log2,4,2,100,"{'max_depth': None, 'max_features': 'log2', 'min_samples_leaf': 4, 'min_samples_split': 2, 'n_estimators': 100}",,,,,,,,1
47,0.0741684913635254,0.0024506848167745983,0.003399944305419922,0.0004897074573851434,,log2,4,2,200,"{'max_depth': None, 'max_features': 'log2', 'min_samples_leaf': 4, 'min_samples_split': 2, 'n_estimators': 200}",,,,,,,,1
48,0.01920294761657715,0.0011663963328604162,0.0011998653411865235,0.0003996373503038124,,log2,4,5,50,"{'max_depth': None, 'max_features': 'log2', 'min_samples_leaf': 4, 'min_samples_split': 5, 'n_estimators': 50}",,,,,,,,1
49,0.03699960708618164,0.0016733702625896197,0.0016002655029296875,0.0004900774477205905,,log2,4,5,100,"{'max_depth': None, 'max_features': 'log2', 'min_samples_leaf': 4, 'min_samples_split': 5, 'n_estimators': 100}",,,,,,,,1
50,0.07130513191223145,0.0007506096589792785,0.0031989574432373046,0.0004003774095417206,,log2,4,5,200,"{'max_depth': None, 'max_features': 'log2', 'min_samples_leaf': 4, 'min_samples_split': 5, 'n_estimators': 200}",,,,,,,,1
51,0.01853470802307129,0.0007779948205935194,0.001000213623046875,1.3934745022013149e-06,,log2,4,10,50,"{'max_depth': None, 'max_features': 'log2', 'min_samples_leaf': 4, 'min_samples_split': 10, 'n_estimators': 50}",,,,,,,,1
52,0.036400127410888675,0.0014973140773450258,0.002000570297241211,1.3145493270960065e-06,,log2,4,10,100,"{'max_depth': None, 'max_features': 'log2', 'min_samples_leaf': 4, 'min_samples_split': 10, 'n_estimators': 100}",,,,,,,,1
53,0.07193408012390137,0.002256316069198141,0.0029990673065185547,1.2971373089538043e-06,,log2,4,10,200,"{'max_depth': None, 'max_features': 'log2', 'min_samples_leaf': 4, 'min_samples_split': 10, 'n_estimators': 200}",,,,,,,,1
54,0.02079930305480957,0.001720185336676878,0.0014007568359375,0.0004890666871319016,,,1,2,50,"{'max_depth': None, 'max_features': None, 'min_samples_leaf': 1, 'min_samples_split': 2, 'n_estimators': 50}",,,,,,,,1
55,0.03849658966064453,0.0005585809278986004,0.001998758316040039,1.6627879881060308e-06,,,1,2,100,"{'max_depth': None, 'max_features': None, 'min_samples_leaf': 1, 'min_samples_split': 2, 'n_estimators': 100}",,,,,,,,1
56,0.07952589988708496,0.0015340403534139103,0.003198575973510742,0.00040009204682112207,,,1,2,200,"{'max_depth': None, 'max_features': None, 'min_samples_leaf': 1, 'min_samples_split': 2, 'n_estimators': 200}",,,,,,,,1
57,0.020296096801757812,0.0008657825276757273,0.0010003089904785157,8.869683855885637e-07,,,1,5,50,"{'max_depth': None, 'max_features': None, 'min_samples_leaf': 1, 'min_samples_split': 5, 'n_estimators': 50}",,,,,,,,1
58,0.040877151489257815,0.0034512141970984254,0.002049970626831055,0.00025705403581684265,,,1,5,100,"{'max_depth': None, 'max_features': None, 'min_samples_leaf': 1, 'min_samples_split': 5, 'n_estimators': 100}",,,,,,,,1
59,0.07581930160522461,0.001441614994444058,0.0030001163482666015,1.8566057523662361e-06,,,1,5,200,"{'max_depth': None, 'max_features': None, 'min_samples_leaf': 1, 'min_samples_split': 5, 'n_estimators': 200}",,,,,,,,1
60,0.018999624252319335,0.0012652722944167057,0.001199960708618164,0.0004001862774792664,,,1,10,50,"{'max_depth': None, 'max_features': None, 'min_samples_leaf': 1, 'min_samples_split': 10, 'n_estimators': 50}",,,,,,,,1
61,0.03700098991394043,0.0006353552759215029,0.0017986774444580078,0.0004029522103790625,,,1,10,100,"{'max_depth': None, 'max_features': None, 'min_samples_leaf': 1, 'min_samples_split': 10, 'n_estimators': 100}",,,,,,,,1
62,0.07816581726074219,0.002392192820080734,0.0032019615173339844,0.00024606095693769286,,,1,10,200,"{'max_depth': None, 'max_features': None, 'min_samples_leaf': 1, 'min_samples_split': 10, 'n_estimators': 200}",,,,,,,,1
63,0.019317245483398436,0.00050609123860131,0.0014011383056640625,0.0004883664446134216,,,2,2,50,"{'max_depth': None, 'max_features': None, 'min_samples_leaf': 2, 'min_samples_split': 2, 'n_estimators': 50}",,,,,,,,1
64,0.03863024711608887,0.0006368753901138892,0.001800537109375,0.00040042560417511813,,,2,2,100,"{'max_depth': None, 'max_features': None, 'min_samples_leaf': 2, 'min_samples_split': 2, 'n_estimators': 100}",,,,,,,,1
65,0.0755077838897705,0.0011945593362076687,0.0029993057250976562,1.7389853028116675e-06,,,2,2,200,"{'max_depth': None, 'max_features': None, 'min_samples_leaf': 2, 'min_samples_split': 2, 'n_estimators': 200}",,,,,,,,1
66,0.01977696418762207,0.0007735696988408103,0.001600360870361328,0.0004900575111868612,,,2,5,50,"{'max_depth': None, 'max_features': None, 'min_samples_leaf': 2, 'min_samples_split': 5, 'n_estimators': 50}",,,,,,,,1
67,0.03882942199707031,0.0011800223419438593,0.0020094394683837892,9.867043271237914e-05,,,2,5,100,"{'max_depth': None, 'max_features': None, 'min_samples_leaf': 2, 'min_samples_split': 5, 'n_estimators': 100}",,,,,,,,1
68,0.07457308769226074,0.0013435713388025025,0.003000164031982422,1.3869323322533594e-06,,,2,5,200,"{'max_depth': None, 'max_features': None, 'min_samples_leaf': 2, 'min_samples_split': 5, 'n_estimators': 200}",,,,,,,,1
69,0.0185060977935791,0.0008910484180130428,0.001601266860961914,0.0004876835664979495,,,2,10,50,"{'max_depth': None, 'max_features': None, 'min_samples_leaf': 2, 'min_samples_split': 10, 'n_estimators': 50}",,,,,,,,1
70,0.03753862380981445,0.0011833783010547206,0.002129268646240234,0.0002591849415164556,,,2,10,100,"{'max_depth': None, 'max_features': None, 'min_samples_leaf': 2, 'min_samples_split': 10, 'n_estimators': 100}",,,,,,,,1
71,0.07552433013916016,0.0024839596017851447,0.0029994964599609373,1.1523290608973096e-06,,,2,10,200,"{'max_depth': None, 'max_features': None, 'min_samples_leaf': 2, 'min_samples_split': 10, 'n_estimators': 200}",,,,,,,,1
72,0.020060968399047852,0.0009878881969911171,0.0014009475708007812,0.000490968404938105,,,4,2,50,"{'max_depth': None, 'max_features': None, 'min_samples_leaf': 4, 'min_samples_split': 2, 'n_estimators': 50}",,,,,,,,1
73,0.0415834903717041,0.0030988474474609212,0.00219879150390625,0.0003990662854275125,,,4,2,100,"{'max_depth': None, 'max_features': None, 'min_samples_leaf': 4, 'min_samples_split': 2, 'n_estimators': 100}",,,,,,,,1
74,0.07719888687133789,0.004021562591175368,0.003798675537109375,0.0007497191830034401,,,4,2,200,"{'max_depth': None, 'max_features': None, 'min_samples_leaf': 4, 'min_samples_split': 2, 'n_estimators': 200}",,,,,,,,1
75,0.01984992027282715,0.00030477462419705543,0.0013027191162109375,0.0004018361081174193,,,4,5,50,"{'max_depth': None, 'max_features': None, 'min_samples_leaf': 4, 'min_samples_split': 5, 'n_estimators': 50}",,,,,,,,1
76,0.04220004081726074,0.006555076914629783,0.0025995254516601564,0.0004903112575308561,,,4,5,100,"{'max_depth': None, 'max_features': None, 'min_samples_leaf': 4, 'min_samples_split': 5, 'n_estimators': 100}",,,,,,,,1
77,0.09065027236938476,0.007818548952000397,0.0035979747772216797,0.0004895945346486554,,,4,5,200,"{'max_depth': None, 'max_features': None, 'min_samples_leaf': 4, 'min_samples_split': 5, 'n_estimators': 200}",,,,,,,,1
78,0.024279069900512696,0.0034310733321770443,0.0015714168548583984,0.0004689265199122116,,,4,10,50,"{'max_depth': None, 'max_features': None, 'min_samples_leaf': 4, 'min_samples_split': 10, 'n_estimators': 50}",,,,,,,,1
79,0.0455357551574707,0.004066066593040089,0.002006816864013672,8.28297849980554e-06,,,4,10,100,"{'max_depth': None, 'max_features': None, 'min_samples_leaf': 4, 'min_samples_split': 10, 'n_estimators': 100}",,,,,,,,1
80,0.09315237998962403,0.009304344310364056,0.0035988330841064454,0.0004900967849659015,,,4,10,200,"{'max_depth': None, 'max_features': None, 'min_samples_leaf': 4, 'min_samples_split': 10, 'n_estimators': 200}",,,,,,,,1
81,0.024031591415405274,0.005191163319959827,0.0016892433166503906,0.00040441620042203595,5,sqrt,1,2,50,"{'max_depth': 5, 'max_features': 'sqrt', 'min_samples_leaf': 1, 'min_samples_split': 2, 'n_estimators': 50}",,,,,,,,1
82,0.0419553279876709,0.0033591505493655634,0.0020001888275146484,1.319728136358075e-06,5,sqrt,1,2,100,"{'max_depth': 5, 'max_features': 'sqrt', 'min_samples_leaf': 1, 'min_samples_split': 2, 'n_estimators': 100}",,,,,,,,1
83,0.077693510055542,0.0024352837390550232,0.003399181365966797,0.0004911111479220613,5,sqrt,1,2,200,"{'max_depth': 5, 'max_features': 'sqrt', 'min_samples_leaf': 1, 'min_samples_split': 2, 'n_estimators': 200}",,,,,,,,1
84,0.019379568099975587,0.00065266589202035,0.0016007423400878906,0.0004933140016364324,5,sqrt,1,5,50,"{'max_depth': 5, 'max_features': 'sqrt', 'min_samples_leaf': 1, 'min_samples_split': 5, 'n_estimators': 50}",,,,,,,,1
85,0.03921651840209961,0.0025416752018145292,0.0020000457763671873,8.971637593377485e-07,5,sqrt,1,5,100,"{'max_depth': 5, 'max_features': 'sqrt', 'min_samples_leaf': 1, 'min_samples_split': 5, 'n_estimators': 100}",,,,,,,,1
86,0.07956342697143555,0.00886430595559515,0.003399944305419922,0.0004893189120191508,5,sqrt,1,5,200,"{'max_depth': 5, 'max_features': 'sqrt', 'min_samples_leaf': 1, 'min_samples_split': 5, 'n_estimators': 200}",,,,,,,,1
87,0.018799591064453124,0.0007486601600324376,0.0013997077941894532,0.0004899218451295629,5,sqrt,1,10,50,"{'max_depth': 5, 'max_features': 'sqrt', 'min_samples_leaf': 1, 'min_samples_split': 10, 'n_estimators': 50}",,,,,,,,1
88,0.03580012321472168,0.0007481756384397365,0.002200746536254883,0.0007482907180878886,5,sqrt,1,10,100,"{'max_depth': 5, 'max_features': 'sqrt', 'min_samples_leaf': 1, 'min_samples_split': 10, 'n_estimators': 100}",,,,,,,,1
89,0.0792243480682373,0.005928379417922949,0.004603338241577148,0.001352995665470575,5,sqrt,1,10,200,"{'max_depth': 5, 'max_features': 'sqrt', 'min_samples_leaf': 1, 'min_samples_split': 10, 'n_estimators': 200}",,,,,,,,1
90,0.02200145721435547,0.0037943827796418435,0.0017994880676269532,0.0004002592408489612,5,sqrt,2,2,50,"{'max_depth': 5, 'max_features': 'sqrt', 'min_samples_leaf': 2, 'min_samples_split': 2, 'n_estimators': 50}",,,,,,,,1
91,0.04015531539916992,0.002886949025108468,0.0020010948181152345,3.7769596764207554e-06,5,sqrt,2,2,100,"{'max_depth': 5, 'max_features': 'sqrt', 'min_samples_leaf': 2, 'min_samples_split': 2, 'n_estimators': 100}",,,,,,,,1
92,0.08236083984375,0.00800134249834697,0.0033048152923583984,0.00040500266139062923,5,sqrt,2,2,200,"{'max_depth': 5, 'max_features': 'sqrt', 'min_samples_leaf': 2, 'min_samples_split': 2, 'n_estimators': 200}",,,,,,,,1
93,0.020020055770874023,0.0012794187982969898,0.0019034862518310547,0.0005871143054823042,5,sqrt,2,5,50,"{'max_depth': 5, 'max_features': 'sqrt', 'min_samples_leaf': 2, 'min_samples_split': 5, 'n_estimators': 50}",,,,,,,,1
94,0.03819775581359863,0.0010874585080447178,0.0020180702209472655,2.836022821780303e-05,5,sqrt,2,5,100,"{'max_depth': 5, 'max_features': 'sqrt', 'min_samples_leaf': 2, 'min_samples_split': 5, 'n_estimators': 100}",,,,,,,,1
95,0.07388720512390137,0.0010953575040852654,0.0035021305084228516,0.00044752939206438926,5,sqrt,2,5,200,"{'max_depth': 5, 'max_features': 'sqrt', 'min_samples_leaf': 2, 'min_samples_split': 5, 'n_estimators': 200}",,,,,,,,1
96,0.01902170181274414,0.0005868205045613937,0.0014880180358886718,0.00043152854973111266,5,sqrt,2,10,50,"{'max_depth': 5, 'max_features': 'sqrt', 'min_samples_leaf': 2, 'min_samples_split': 10, 'n_estimators': 50}",,,,,,,,1
97,0.03624916076660156,0.00024258051786753282,0.0017006397247314453,0.00039953237661866716,5,sqrt,2,10,100,"{'max_depth': 5, 'max_features': 'sqrt', 'min_samples_leaf': 2, 'min_samples_split': 10, 'n_estimators': 100}",,,,,,,,1
98,0.07174410820007324,0.0013259086214964695,0.0029993057250976562,0.00031380116835329864,5,sqrt,2,10,200,"{'max_depth': 5, 'max_features': 'sqrt', 'min_samples_leaf': 2, 'min_samples_split': 10, 'n_estimators': 200}",,,,,,,,1
99,0.020160484313964843,0.0015495423463672776,0.0015039443969726562,0.0006331346393013673,5,sqrt,4,2,50,"{'max_depth': 5, 'max_features': 'sqrt', 'min_samples_leaf': 4, 'min_samples_split': 2, 'n_estimators': 50}",,,,,,,,1
100,0.0367551326751709,0.0008708349670417264,0.0019992828369140626,7.478898592642843e-07,5,sqrt,4,2,100,"{'max_depth': 5, 'max_features': 'sqrt', 'min_samples_leaf': 4, 'min_samples_split': 2, 'n_estimators': 100}",,,,,,,,1
101,0.07305164337158203,0.002424381693353075,0.0034036636352539062,0.0003754748525445849,5,sqrt,4,2,200,"{'max_depth': 5, 'max_features': 'sqrt', 'min_samples_leaf': 4, 'min_samples_split': 2, 'n_estimators': 200}",,,,,,,,1
102,0.020563316345214844,0.001439283128254526,0.0019082069396972657,0.0004941351587541295,5,sqrt,4,5,50,"{'max_depth': 5, 'max_features': 'sqrt', 'min_samples_leaf': 4, 'min_samples_split': 5, 'n_estimators': 50}",,,,,,,,1
103,0.037979412078857425,0.0016655654397252438,0.002205371856689453,0.0005099516033260618,5,sqrt,4,5,100,"{'max_depth': 5, 'max_features': 'sqrt', 'min_samples_leaf': 4, 'min_samples_split': 5, 'n_estimators': 100}",,,,,,,,1
104,0.07490968704223633,0.003330566752112684,0.0034032344818115236,0.0005881196194604518,5,sqrt,4,5,200,"{'max_depth': 5, 'max_features': 'sqrt', 'min_samples_leaf': 4, 'min_samples_split': 5, 'n_estimators': 200}",,,,,,,,1
105,0.018347883224487306,0.0011992658211436376,0.0017574787139892577,0.00039823741483848194,5,sqrt,4,10,50,"{'max_depth': 5, 'max_features': 'sqrt', 'min_samples_leaf': 4, 'min_samples_split': 10, 'n_estimators': 50}",,,,,,,,1
106,0.03773646354675293,0.0009093557577731891,0.0020001888275146484,1.1543005406294064e-06,5,sqrt,4,10,100,"{'max_depth': 5, 'max_features': 'sqrt', 'min_samples_leaf': 4, 'min_samples_split': 10, 'n_estimators': 100}",,,,,,,,1
107,0.07443881034851074,0.0032879884708295077,0.0032032489776611327,0.00039908306462990446,5,sqrt,4,10,200,"{'max_depth': 5, 'max_features': 'sqrt', 'min_samples_leaf': 4, 'min_samples_split': 10, 'n_estimators': 200}",,,,,,,,1
108,0.01944432258605957,0.0004710734258193326,0.0015674591064453124,0.0004669338754529548,5,log2,1,2,50,"{'max_depth': 5, 'max_features': 'log2', 'min_samples_leaf': 1, 'min_samples_split': 2, 'n_estimators': 50}",,,,,,,,1
109,0.03701167106628418,0.0008690921532265817,0.001899862289428711,0.0004903028453359661,5,log2,1,2,100,"{'max_depth': 5, 'max_features': 'log2', 'min_samples_leaf': 1, 'min_samples_split': 2, 'n_estimators': 100}",,,,,,,,1
110,0.0739828109741211,0.001629565203866634,0.003100156784057617,0.00020313369276099747,5,log2,1,2,200,"{'max_depth': 5, 'max_features': 'log2', 'min_samples_leaf': 1, 'min_samples_split': 2, 'n_estimators': 200}",,,,,,,,1
111,0.018365764617919923,0.0008144074295842538,0.0016002655029296875,0.0004909557154877135,5,log2,1,5,50,"{'max_depth': 5, 'max_features': 'log2', 'min_samples_leaf': 1, 'min_samples_split': 5, 'n_estimators': 50}",,,,,,,,1
112,0.03660464286804199,0.0008753017884511703,0.0022066116333007814,0.0006799055051713737,5,log2,1,5,100,"{'max_depth': 5, 'max_features': 'log2', 'min_samples_leaf': 1, 'min_samples_split': 5, 'n_estimators': 100}",,,,,,,,1
113,0.07306966781616211,0.000669081965983137,0.003105354309082031,0.00020391557361610277,5,log2,1,5,200,"{'max_depth': 5, 'max_features': 'log2', 'min_samples_leaf': 1, 'min_samples_split': 5, 'n_estimators': 200}",,,,,,,,1
114,0.01912245750427246,0.0010161130495229538,0.0013015270233154297,0.0005999451542053382,5,log2,1,10,50,"{'max_depth': 5, 'max_features': 'log2', 'min_samples_leaf': 1, 'min_samples_split': 10, 'n_estimators': 50}",,,,,,,,1
115,0.035596179962158206,0.0004574654124069846,0.0019011974334716796,0.00019672138735064672,5,log2,1,10,100,"{'max_depth': 5, 'max_features': 'log2', 'min_samples_leaf': 1, 'min_samples_split': 10, 'n_estimators': 100}",,,,,,,,1
116,0.07284078598022461,0.0019005199058318475,0.0035062789916992187,0.0005507146446052972,5,log2,1,10,200,"{'max_depth': 5, 'max_features': 'log2', 'min_samples_leaf': 1, 'min_samples_split': 10, 'n_estimators': 200}",,,,,,,,1
117,0.018137502670288085,0.0004872316249217471,0.001399850845336914,0.0004901939931713682,5,log2,2,2,50,"{'max_depth': 5, 'max_features': 'log2', 'min_samples_leaf': 2, 'min_samples_split': 2, 'n_estimators': 50}",,,,,,,,1
118,0.03773937225341797,0.0022319781181238704,0.0019999980926513673,6.14361702286011e-07,5,log2,2,2,100,"{'max_depth': 5, 'max_features': 'log2', 'min_samples_leaf': 2, 'min_samples_split': 2, 'n_estimators': 100}",,,,,,,,1
119,0.07194046974182129,0.0009504822883743255,0.003306865692138672,0.0002475693339330764,5,log2,2,2,200,"{'max_depth': 5, 'max_features': 'log2', 'min_samples_leaf': 2, 'min_samples_split': 2, 'n_estimators': 200}",,,,,,,,1
120,0.018950223922729492,0.0007026608842951962,0.001199483871459961,0.0004006666038826137,5,log2,2,5,50,"{'max_depth': 5, 'max_features': 'log2', 'min_samples_leaf': 2, 'min_samples_split': 5, 'n_estimators': 50}",,,,,,,,1
121,0.03664121627807617,0.001564105388027638,0.0020039558410644533,0.0005503849681472235,5,log2,2,5,100,"{'max_depth': 5, 'max_features': 'log2', 'min_samples_leaf': 2, 'min_samples_split': 5, 'n_estimators': 100}",,,,,,,,1
122,0.0713761329650879,0.0009303888148115022,0.0029059886932373048,0.0004919168835882794,5,log2,2,5,200,"{'max_depth': 5, 'max_features': 'log2', 'min_samples_leaf': 2, 'min_samples_split': 5, 'n_estimators': 200}",,,,,,,,1
123,0.01814923286437988,0.0007778386846788814,0.001710367202758789,0.00056203704566747,5,log2,2,10,50,"{'max_depth': 5, 'max_features': 'log2', 'min_samples_leaf': 2, 'min_samples_split': 10, 'n_estimators': 50}",,,,,,,,1
124,0.03578329086303711,0.0007379303143817725,0.0017006874084472656,0.0005999682797763714,5,log2,2,10,100,"{'max_depth': 5, 'max_features': 'log2', 'min_samples_leaf': 2, 'min_samples_split': 10, 'n_estimators': 100}",,,,,,,,1
125,0.07285070419311523,0.003294232656564758,0.0031623363494873045,0.0006518679348194732,5,log2,2,10,200,"{'max_depth': 5, 'max_features': 'log2', 'min_samples_leaf': 2, 'min_samples_split': 10, 'n_estimators': 200}",,,,,,,,1
126,0.018029451370239258,0.0004303505149616602,0.0011030673980712891,0.00037425534533538186,5,log2,4,2,50,"{'max_depth': 5, 'max_features': 'log2', 'min_samples_leaf': 4, 'min_samples_split': 2, 'n_estimators': 50}",,,,,,,,1
127,0.036234283447265626,0.0008469270883673649,0.0021007537841796877,0.0002031111034216949,5,log2,4,2,100,"{'max_depth': 5, 'max_features': 'log2', 'min_samples_leaf': 4, 'min_samples_split': 2, 'n_estimators': 100}",,,,,,,,1
128,0.07235827445983886,0.0016987983429799217,0.003101634979248047,0.00020359279332024578,5,log2,4,2,200,"{'max_depth': 5, 'max_features': 'log2', 'min_samples_leaf': 4, 'min_samples_split': 2, 'n_estimators': 200}",,,,,,,,1
129,0.018726491928100587,0.00024142744224209058,0.001415395736694336,0.0007417685423387311,5,log2,4,5,50,"{'max_depth': 5, 'max_features': 'log2', 'min_samples_leaf': 4, 'min_samples_split': 5, 'n_estimators': 50}",,,,,,,,1
130,0.03634433746337891,0.0005010579219486783,0.0022008419036865234,0.00040149997361145354,5,log2,4,5,100,"{'max_depth': 5, 'max_features': 'log2', 'min_samples_leaf': 4, 'min_samples_split': 5, 'n_estimators': 100}",,,,,,,,1
131,0.07217230796813964,0.0028430063631396294,0.0032060623168945314,0.0002505053651972893,5,log2,4,5,200,"{'max_depth': 5, 'max_features': 'log2', 'min_samples_leaf': 4, 'min_samples_split': 5, 'n_estimators': 200}",,,,,,,,1
132,0.018300580978393554,0.0004437328177584911,0.0015054702758789062,0.0005516469421611456,5,log2,4,10,50,"{'max_depth': 5, 'max_features': 'log2', 'min_samples_leaf': 4, 'min_samples_split': 10, 'n_estimators': 50}",,,,,,,,1
133,0.03605694770812988,0.0010375591689047218,0.001904296875,0.00019411521230937206,5,log2,4,10,100,"{'max_depth': 5, 'max_features': 'log2', 'min_samples_leaf': 4, 'min_samples_split': 10, 'n_estimators': 100}",,,,,,,,1
134,0.07121739387512208,0.001155985737675703,0.002803611755371094,0.00024532743046051743,5,log2,4,10,200,"{'max_depth': 5, 'max_features': 'log2', 'min_samples_leaf': 4, 'min_samples_split': 10, 'n_estimators': 200}",,,,,,,,1
135,0.019269800186157225,0.00045220742223251343,0.0016002655029296875,0.0004900777492909735,5,,1,2,50,"{'max_depth': 5, 'max_features': None, 'min_samples_leaf': 1, 'min_samples_split': 2, 'n_estimators': 50}",,,,,,,,1
136,0.038407087326049805,0.0005869383912282586,0.0021114349365234375,0.000490680055798998,5,,1,2,100,"{'max_depth': 5, 'max_features': None, 'min_samples_leaf': 1, 'min_samples_split': 2, 'n_estimators': 100}",,,,,,,,1
137,0.07791881561279297,0.0009327071501894588,0.0030013084411621093,2.9340019346075363e-06,5,,1,2,200,"{'max_depth': 5, 'max_features': None, 'min_samples_leaf': 1, 'min_samples_split': 2, 'n_estimators': 200}",,,,,,,,1
138,0.018858718872070312,0.0003757034253911614,0.0009008407592773438,0.00019853191672212098,5,,1,5,50,"{'max_depth': 5, 'max_features': None, 'min_samples_leaf': 1, 'min_samples_split': 5, 'n_estimators': 50}",,,,,,,,1
139,0.038943004608154294,0.0028971519254458976,0.0017999172210693359,0.0007480990658727301,5,,1,5,100,"{'max_depth': 5, 'max_features': None, 'min_samples_leaf': 1, 'min_samples_split': 5, 'n_estimators': 100}",,,,,,,,1
140,0.07522702217102051,0.0012915016518488202,0.003405046463012695,0.0005887531660643704,5,,1,5,200,"{'max_depth': 5, 'max_features': None, 'min_samples_leaf': 1, 'min_samples_split': 5, 'n_estimators': 200}",,,,,,,,1
141,0.018633222579956053,0.0005878188788453428,0.0012016773223876953,0.0004030227661132812,5,,1,10,50,"{'max_depth': 5, 'max_features': None, 'min_samples_leaf': 1, 'min_samples_split': 10, 'n_estimators': 50}",,,,,,,,1
142,0.03735132217407226,0.0014050967215875193,0.0022039890289306642,0.0005092100766946094,5,,1,10,100,"{'max_depth': 5, 'max_features': None, 'min_samples_leaf': 1, 'min_samples_split': 10, 'n_estimators': 100}",,,,,,,,1
143,0.07255358695983886,0.0009649593284362624,0.0029012203216552735,0.00019868915799812388,5,,1,10,200,"{'max_depth': 5, 'max_features': None, 'min_samples_leaf': 1, 'min_samples_split': 10, 'n_estimators': 200}",,,,,,,,1
144,0.019642210006713866,0.000837450946842848,0.0015033721923828126,0.000636067214406802,5,,2,2,50,"{'max_depth': 5, 'max_features': None, 'min_samples_leaf': 2, 'min_samples_split': 2, 'n_estimators': 50}",,,,,,,,1
145,0.03786454200744629,0.0008672134579502967,0.002000570297241211,1.983321604069273e-06,5,,2,2,100,"{'max_depth': 5, 'max_features': None, 'min_samples_leaf': 2, 'min_samples_split': 2, 'n_estimators': 100}",,,,,,,,1
146,0.07441854476928711,0.0009178299186393834,0.003302764892578125,0.0003997609867747148,5,,2,2,200,"{'max_depth': 5, 'max_features': None, 'min_samples_leaf': 2, 'min_samples_split': 2, 'n_estimators': 200}",,,,,,,,1
147,0.019025659561157225,0.0006312081266529862,0.0013998031616210937,0.0004894538068147615,5,,2,5,50,"{'max_depth': 5, 'max_features': None, 'min_samples_leaf': 2, 'min_samples_split': 5, 'n_estimators': 50}",,,,,,,,1
148,0.039383554458618165,0.0029212107547187042,0.0020006179809570314,2.3282157165019422e-06,5,,2,5,100,"{'max_depth': 5, 'max_features': None, 'min_samples_leaf': 2, 'min_samples_split': 5, 'n_estimators': 100}",,,,,,,,1
149,0.07365508079528808,0.0008992862899135271,0.003102397918701172,0.00020237693674772855,5,,2,5,200,"{'max_depth': 5, 'max_features': None, 'min_samples_leaf': 2, 'min_samples_split': 5, 'n_estimators': 200}",,,,,,,,1
150,0.0188626766204834,0.0007751144051484459,0.001603078842163086,0.0004906281400543469,5,,2,10,50,"{'max_depth': 5, 'max_features': None, 'min_samples_leaf': 2, 'min_samples_split': 10, 'n_estimators': 50}",,,,,,,,1
151,0.03723721504211426,0.0021871401529693405,0.0021732807159423827,0.00021631472639909387,5,,2,10,100,"{'max_depth': 5, 'max_features': None, 'min_samples_leaf': 2, 'min_samples_split': 10, 'n_estimators': 100}",,,,,,,,1
152,0.07277979850769042,0.0011638573977213777,0.003002786636352539,0.0003169075179198814,5,,2,10,200,"{'max_depth': 5, 'max_features': None, 'min_samples_leaf': 2, 'min_samples_split': 10, 'n_estimators': 200}",,,,,,,,1
153,0.018459510803222657,0.001611550392380114,0.0015140533447265624,0.0003339577845948464,5,,4,2,50,"{'max_depth': 5, 'max_features': None, 'min_samples_leaf': 4, 'min_samples_split': 2, 'n_estimators': 50}",,,,,,,,1
154,0.03673720359802246,0.001082885029068184,0.0021036148071289064,0.00020683684454323123,5,,4,2,100,"{'max_depth': 5, 'max_features': None, 'min_samples_leaf': 4, 'min_samples_split': 2, 'n_estimators': 100}",,,,,,,,1
155,0.07625470161437989,0.003790087662932271,0.003622770309448242,0.0008160815609778486,5,,4,2,200,"{'max_depth': 5, 'max_features': None, 'min_samples_leaf': 4, 'min_samples_split': 2, 'n_estimators': 200}",,,,,,,,1
156,0.020182228088378905,0.002608215317604675,0.0013991355895996093,0.0004893185867473868,5,,4,5,50,"{'max_depth': 5, 'max_features': None, 'min_samples_leaf': 4, 'min_samples_split': 5, 'n_estimators': 50}",,,,,,,,1
157,0.03743157386779785,0.0010244143226417117,0.002003192901611328,3.61265123841778e-06,5,,4,5,100,"{'max_depth': 5, 'max_features': None, 'min_samples_leaf': 4, 'min_samples_split': 5, 'n_estimators': 100}",,,,,,,,1
158,0.07504196166992187,0.002876110268630832,0.0029022693634033203,0.0001944326535690277,5,,4,5,200,"{'max_depth': 5, 'max_features': None, 'min_samples_leaf': 4, 'min_samples_split': 5, 'n_estimators': 200}",,,,,,,,1
159,0.01854362487792969,0.000781195224670865,0.0011997699737548828,0.00040040051665931486,5,,4,10,50,"{'max_depth': 5, 'max_features': None, 'min_samples_leaf': 4, 'min_samples_split': 10, 'n_estimators': 50}",,,,,,,,1
160,0.03562760353088379,0.0006310201251486828,0.002102518081665039,0.00020247162697295106,5,,4,10,100,"{'max_depth': 5, 'max_features': None, 'min_samples_leaf': 4, 'min_samples_split': 10, 'n_estimators': 100}",,,,,,,,1
161,0.0733375072479248,0.0007552472814567516,0.003002834320068359,0.0003163680474057281,5,,4,10,200,"{'max_depth': 5, 'max_features': None, 'min_samples_leaf': 4, 'min_samples_split': 10, 'n_estimators': 200}",,,,,,,,1
162,0.018719816207885744,0.0006774365209430745,0.0016051292419433593,0.0004906414914011727,10,sqrt,1,2,50,"{'max_depth': 10, 'max_features': 'sqrt', 'min_samples_leaf': 1, 'min_samples_split': 2, 'n_estimators': 50}",,,,,,,,1
163,0.037329912185668945,0.0009195880689298726,0.0021520614624023437,0.00030299921502027923,10,sqrt,1,2,100,"{'max_depth': 10, 'max_features': 'sqrt', 'min_samples_leaf': 1, 'min_samples_split': 2, 'n_estimators': 100}",,,,,,,,1
164,0.07635669708251953,0.0030140498202239348,0.003402090072631836,0.00037492188730202776,10,sqrt,1,2,200,"{'max_depth': 10, 'max_features': 'sqrt', 'min_samples_leaf': 1, 'min_samples_split': 2, 'n_estimators': 200}",,,,,,,,1
165,0.018203544616699218,0.0005699300341308786,0.0010668277740478516,0.0006466550007840547,10,sqrt,1,5,50,"{'max_depth': 10, 'max_features': 'sqrt', 'min_samples_leaf': 1, 'min_samples_split': 5, 'n_estimators': 50}",,,,,,,,1
166,0.03736238479614258,0.0027876252567911397,0.0019028186798095703,0.0004918396729719821,10,sqrt,1,5,100,"{'max_depth': 10, 'max_features': 'sqrt', 'min_samples_leaf': 1, 'min_samples_split': 5, 'n_estimators': 100}",,,,,,,,1
167,0.07145390510559083,0.0010463582590677142,0.0033185482025146484,0.0003883232534238877,10,sqrt,1,5,200,"{'max_depth': 10, 'max_features': 'sqrt', 'min_samples_leaf': 1, 'min_samples_split': 5, 'n_estimators': 200}",,,,,,,,1
168,0.01830267906188965,0.0006166412518241443,0.0012808799743652343,0.0003916803403133834,10,sqrt,1,10,50,"{'max_depth': 10, 'max_features': 'sqrt', 'min_samples_leaf': 1, 'min_samples_split': 10, 'n_estimators': 50}",,,,,,,,1
169,0.036549043655395505,0.001270137591418109,0.0017043590545654298,0.0005104641131664018,10,sqrt,1,10,100,"{'max_depth': 10, 'max_features': 'sqrt', 'min_samples_leaf': 1, 'min_samples_split': 10, 'n_estimators': 100}",,,,,,,,1
170,0.0723663330078125,0.0019964896244145294,0.003106212615966797,0.000376710577743236,10,sqrt,1,10,200,"{'max_depth': 10, 'max_features': 'sqrt', 'min_samples_leaf': 1, 'min_samples_split': 10, 'n_estimators': 200}",,,,,,,,1
171,0.020627450942993165,0.0020644683647345376,0.00160064697265625,0.0004901958949291906,10,sqrt,2,2,50,"{'max_depth': 10, 'max_features': 'sqrt', 'min_samples_leaf': 2, 'min_samples_split': 2, 'n_estimators': 50}",,,,,,,,1
172,0.0373779296875,0.0013384100833918116,0.0021752834320068358,0.0004955897852132009,10,sqrt,2,2,100,"{'max_depth': 10, 'max_features': 'sqrt', 'min_samples_leaf': 2, 'min_samples_split': 2, 'n_estimators': 100}",,,,,,,,1
173,0.07397642135620117,0.0028874825730408065,0.0029024600982666014,0.0004864754150142951,10,sqrt,2,2,200,"{'max_depth': 10, 'max_features': 'sqrt', 'min_samples_leaf': 2, 'min_samples_split': 2, 'n_estimators': 200}",,,,,,,,1
174,0.019121265411376952,0.0012005996509415401,0.0017995834350585938,0.00039970995310946683,10,sqrt,2,5,50,"{'max_depth': 10, 'max_features': 'sqrt', 'min_samples_leaf': 2, 'min_samples_split': 5, 'n_estimators': 50}",,,,,,,,1
175,0.036797285079956055,0.000310328062419526,0.0022018909454345702,0.0004001410656705987,10,sqrt,2,5,100,"{'max_depth': 10, 'max_features': 'sqrt', 'min_samples_leaf': 2, 'min_samples_split': 5, 'n_estimators': 100}",,,,,,,,1
176,0.07192292213439941,0.0009755465458729362,0.0030028820037841797,0.00031600495310501607,10,sqrt,2,5,200,"{'max_depth': 10, 'max_features': 'sqrt', 'min_samples_leaf': 2, 'min_samples_split': 5, 'n_estimators': 200}",,,,,,,,1
177,0.01878662109375,0.0007980467170194123,0.0010013103485107422,2.3135203305641564e-06,10,sqrt,2,10,50,"{'max_depth': 10, 'max_features': 'sqrt', 'min_samples_leaf': 2, 'min_samples_split': 10, 'n_estimators': 50}",,,,,,,,1
178,0.03633174896240234,0.0008128950958833104,0.0019062042236328125,0.00037773119514816045,10,sqrt,2,10,100,"{'max_depth': 10, 'max_features': 'sqrt', 'min_samples_leaf': 2, 'min_samples_split': 10, 'n_estimators': 100}",,,,,,,,1
179,0.07073779106140136,0.0017628244707546888,0.0034319400787353516,0.0003460996173463955,10,sqrt,2,10,200,"{'max_depth': 10, 'max_features': 'sqrt', 'min_samples_leaf': 2, 'min_samples_split': 10, 'n_estimators': 200}",,,,,,,,1
180,0.01881518363952637,0.0009929701176316773,0.0016026496887207031,0.0004897904309652981,10,sqrt,4,2,50,"{'max_depth': 10, 'max_features': 'sqrt', 'min_samples_leaf': 4, 'min_samples_split': 2, 'n_estimators': 50}",,,,,,,,1
181,0.037952089309692384,0.0018891335990031805,0.0019999980926513673,9.36836371631074e-07,10,sqrt,4,2,100,"{'max_depth': 10, 'max_features': 'sqrt', 'min_samples_leaf': 4, 'min_samples_split': 2, 'n_estimators': 100}",,,,,,,,1
182,0.07186951637268066,0.0022108103971636385,0.0029004573822021484,0.0003723464587107386,10,sqrt,4,2,200,"{'max_depth': 10, 'max_features': 'sqrt', 'min_samples_leaf': 4, 'min_samples_split': 2, 'n_estimators': 200}",,,,,,,,1
183,0.018385982513427733,0.0011122832440219317,0.001001262664794922,0.0005489905867954891,10,sqrt,4,5,50,"{'max_depth': 10, 'max_features': 'sqrt', 'min_samples_leaf': 4, 'min_samples_split': 5, 'n_estimators': 50}",,,,,,,,1
184,0.03631315231323242,0.001897985224020634,0.0019016742706298828,0.00019457529402688487,10,sqrt,4,5,100,"{'max_depth': 10, 'max_features': 'sqrt', 'min_samples_leaf': 4, 'min_samples_split': 5, 'n_estimators': 100}",,,,,,,,1
185,0.07183265686035156,0.0009516190196962265,0.003002643585205078,0.00031517756666543607,10,sqrt,4,5,200,"{'max_depth': 10, 'max_features': 'sqrt', 'min_samples_leaf': 4, 'min_samples_split': 5, 'n_estimators': 200}",,,,,,,,1
186,0.01807265281677246,0.00044907295755454836,0.0013277530670166016,0.0004173995364894872,10,sqrt,4,10,50,"{'max_depth': 10, 'max_features': 'sqrt', 'min_samples_leaf': 4, 'min_samples_split': 10, 'n_estimators': 50}",,,,,,,,1
187,0.036617469787597653,0.0014692507391721097,0.0019137859344482422,0.00020670211565238075,10,sqrt,4,10,100,"{'max_depth': 10, 'max_features': 'sqrt', 'min_samples_leaf': 4, 'min_samples_split': 10, 'n_estimators': 100}",,,,,,,,1
188,0.07211942672729492,0.001637154198410521,0.003203725814819336,0.00024833616023708444,10,sqrt,4,10,200,"{'max_depth': 10, 'max_features': 'sqrt', 'min_samples_leaf': 4, 'min_samples_split': 10, 'n_estimators': 200}",,,,,,,,1
189,0.019124174118041994,0.0008031087224512352,0.0016011238098144532,0.0004885423835585764,10,log2,1,2,50,"{'max_depth': 10, 'max_features': 'log2', 'min_samples_leaf': 1, 'min_samples_split': 2, 'n_estimators': 50}",,,,,,,,1
190,0.036911725997924805,0.0007913797695990772,0.0017988204956054688,0.00039944903468649187,10,log2,1,2,100,"{'max_depth': 10, 'max_features': 'log2', 'min_samples_leaf': 1, 'min_samples_split': 2, 'n_estimators': 100}",,,,,,,,1
191,0.07352890968322753,0.0010009740660980833,0.0032628059387207033,0.0004924856119855434,10,log2,1,2,200,"{'max_depth': 10, 'max_features': 'log2', 'min_samples_leaf': 1, 'min_samples_split': 2, 'n_estimators': 200}",,,,,,,,1
192,0.01892719268798828,0.0008032019049826758,0.0011044979095458985,0.0002034363356751251,10,log2,1,5,50,"{'max_depth': 10, 'max_features': 'log2', 'min_samples_leaf': 1, 'min_samples_split': 5, 'n_estimators': 50}",,,,,,,,1
193,0.0365027904510498,0.000861217588700427,0.0021013736724853514,0.0004888253375051904,10,log2,1,5,100,"{'max_depth': 10, 'max_features': 'log2', 'min_samples_leaf': 1, 'min_samples_split': 5, 'n_estimators': 100}",,,,,,,,1
194,0.07468714714050292,0.004681682048065657,0.0031037330627441406,0.00020612650578458964,10,log2,1,5,200,"{'max_depth': 10, 'max_features': 'log2', 'min_samples_leaf': 1, 'min_samples_split': 5, 'n_estimators': 200}",,,,,,,,1
195,0.018529796600341798,0.0004493457597875192,0.0016011238098144532,0.0004906825951410857,10,log2,1,10,50,"{'max_depth': 10, 'max_features': 'log2', 'min_samples_leaf': 1, 'min_samples_split': 10, 'n_estimators': 50}",,,,,,,,1
196,0.03561406135559082,0.0007232044792859299,0.0020005226135253905,9.464947338714222e-07,10,log2,1,10,100,"{'max_depth': 10, 'max_features': 'log2', 'min_samples_leaf': 1, 'min_samples_split': 10, 'n_estimators': 100}",,,,,,,,1
197,0.07340221405029297,0.002215716885885997,0.00340576171875,0.00037785502518228146,10,log2,1,10,200,"{'max_depth': 10, 'max_features': 'log2', 'min_samples_leaf': 1, 'min_samples_split': 10, 'n_estimators': 200}",,,,,,,,1
198,0.01789999008178711,0.0003831283452819083,0.0012218952178955078,0.00023216833490517587,10,log2,2,2,50,"{'max_depth': 10, 'max_features': 'log2', 'min_samples_leaf': 2, 'min_samples_split': 2, 'n_estimators': 50}",,,,,,,,1
199,0.0379521369934082,0.0025054223271879154,0.002304410934448242,0.0006007834570131798,10,log2,2,2,100,"{'max_depth': 10, 'max_features': 'log2', 'min_samples_leaf': 2, 'min_samples_split': 2, 'n_estimators': 100}",,,,,,,,1
200,0.07362861633300781,0.0016915303862206144,0.003253173828125,0.0003861931315490267,10,log2,2,2,200,"{'max_depth': 10, 'max_features': 'log2', 'min_samples_leaf': 2, 'min_samples_split': 2, 'n_estimators': 200}",,,,,,,,1
201,0.018462228775024413,0.0004607076501092294,0.0009998321533203126,1.1930461886593632e-06,10,log2,2,5,50,"{'max_depth': 10, 'max_features': 'log2', 'min_samples_leaf': 2, 'min_samples_split': 5, 'n_estimators': 50}",,,,,,,,1
202,0.03695888519287109,0.001120560355874994,0.0020993709564208984,0.0006652065773514757,10,log2,2,5,100,"{'max_depth': 10, 'max_features': 'log2', 'min_samples_leaf': 2, 'min_samples_split': 5, 'n_estimators': 100}",,,,,,,,1
203,0.0746675968170166,0.002455600590661059,0.0030057430267333984,0.0005444818914163876,10,log2,2,5,200,"{'max_depth': 10, 'max_features': 'log2', 'min_samples_leaf': 2, 'min_samples_split': 5, 'n_estimators': 200}",,,,,,,,1
204,0.018741798400878907,0.000230061224354432,0.0012000083923339843,0.00040040540027360257,10,log2,2,10,50,"{'max_depth': 10, 'max_features': 'log2', 'min_samples_leaf': 2, 'min_samples_split': 10, 'n_estimators': 50}",,,,,,,,1
205,0.03853106498718262,0.005290640051026939,0.002000761032104492,1.962577402806919e-06,10,log2,2,10,100,"{'max_depth': 10, 'max_features': 'log2', 'min_samples_leaf': 2, 'min_samples_split': 10, 'n_estimators': 100}",,,,,,,,1
206,0.07169880867004394,0.0012974020259142428,0.0032031059265136717,0.0005092647727438189,10,log2,2,10,200,"{'max_depth': 10, 'max_features': 'log2', 'min_samples_leaf': 2, 'min_samples_split': 10, 'n_estimators': 200}",,,,,,,,1
207,0.01831655502319336,0.0008121151993230255,0.0014204978942871094,0.0004041920515202563,10,log2,4,2,50,"{'max_depth': 10, 'max_features': 'log2', 'min_samples_leaf': 4, 'min_samples_split': 2, 'n_estimators': 50}",,,,,,,,1
208,0.03696355819702148,0.001269338263503212,0.001700592041015625,0.00039961572392868233,10,log2,4,2,100,"{'max_depth': 10, 'max_features': 'log2', 'min_samples_leaf': 4, 'min_samples_split': 2, 'n_estimators': 100}",,,,,,,,1
209,0.07284717559814453,0.003729004757972141,0.0032021522521972655,0.0006795975688237228,10,log2,4,2,200,"{'max_depth': 10, 'max_features': 'log2', 'min_samples_leaf': 4, 'min_samples_split': 2, 'n_estimators': 200}",,,,,,,,1
210,0.018720197677612304,0.00039509857379019285,0.0012000083923339843,0.00039980441031501127,10,log2,4,5,50,"{'max_depth': 10, 'max_features': 'log2', 'min_samples_leaf': 4, 'min_samples_split': 5, 'n_estimators': 50}",,,,,,,,1
211,0.03686666488647461,0.0011070731906468838,0.0022000789642333983,0.00040044832808739614,10,log2,4,5,100,"{'max_depth': 10, 'max_features': 'log2', 'min_samples_leaf': 4, 'min_samples_split': 5, 'n_estimators': 100}",,,,,,,,1
212,0.07261891365051269,0.0017023380888737006,0.0033007144927978517,0.0004014153125828503,10,log2,4,5,200,"{'max_depth': 10, 'max_features': 'log2', 'min_samples_leaf': 4, 'min_samples_split': 5, 'n_estimators': 200}",,,,,,,,1
213,0.018223667144775392,0.0005084686491936794,0.0014011859893798828,0.0004911508837195057,10,log2,4,10,50,"{'max_depth': 10, 'max_features': 'log2', 'min_samples_leaf': 4, 'min_samples_split': 10, 'n_estimators': 50}",,,,,,,,1
214,0.03675236701965332,0.0013155203823375999,0.002107381820678711,0.0007376095343089129,10,log2,4,10,100,"{'max_depth': 10, 'max_features': 'log2', 'min_samples_leaf': 4, 'min_samples_split': 10, 'n_estimators': 100}",,,,,,,,1
215,0.073543119430542,0.0026186724466021214,0.003005695343017578,0.0003144172670595268,10,log2,4,10,200,"{'max_depth': 10, 'max_features': 'log2', 'min_samples_leaf': 4, 'min_samples_split': 10, 'n_estimators': 200}",,,,,,,,1
216,0.019515562057495116,0.00044740071646104547,0.0014002323150634766,0.0004890083044666242,10,,1,2,50,"{'max_depth': 10, 'max_features': None, 'min_samples_leaf': 1, 'min_samples_split': 2, 'n_estimators': 50}",,,,,,,,1
217,0.041408538818359375,0.005136685178668342,0.001902008056640625,0.0004938366647586212,10,,1,2,100,"{'max_depth': 10, 'max_features': None, 'min_samples_leaf': 1, 'min_samples_split': 2, 'n_estimators': 100}",,,,,,,,1
218,0.07942409515380859,0.0025819048179390037,0.0031012535095214845,0.0002027244227266686,10,,1,2,200,"{'max_depth': 10, 'max_features': None, 'min_samples_leaf': 1, 'min_samples_split': 2, 'n_estimators': 200}",,,,,,,,1
219,0.019164085388183594,0.000689627559613306,0.0017022132873535157,0.0006028009428080183,10,,1,5,50,"{'max_depth': 10, 'max_features': None, 'min_samples_leaf': 1, 'min_samples_split': 5, 'n_estimators': 50}",,,,,,,,1
220,0.039973211288452146,0.0037616024006120047,0.001999664306640625,5.519789172549355e-07,10,,1,5,100,"{'max_depth': 10, 'max_features': None, 'min_samples_leaf': 1, 'min_samples_split': 5, 'n_estimators': 100}",,,,,,,,1
221,0.07759828567504883,0.001595612555682111,0.0032520294189453125,0.0004473230704279201,10,,1,5,200,"{'max_depth': 10, 'max_features': None, 'min_samples_leaf': 1, 'min_samples_split': 5, 'n_estimators': 200}",,,,,,,,1
222,0.020230817794799804,0.0014768431494548164,0.0015018939971923827,0.00044697875879154446,10,,1,10,50,"{'max_depth': 10, 'max_features': None, 'min_samples_leaf': 1, 'min_samples_split': 10, 'n_estimators': 50}",,,,,,,,1
223,0.038152647018432614,0.0011190815612489788,0.0017993927001953125,0.0003997331158747049,10,,1,10,100,"{'max_depth': 10, 'max_features': None, 'min_samples_leaf': 1, 'min_samples_split': 10, 'n_estimators': 100}",,,,,,,,1
224,0.07462201118469239,0.002269178661478964,0.003303337097167969,0.00024808629868227527,10,,1,10,200,"{'max_depth': 10, 'max_features': None, 'min_samples_leaf': 1, 'min_samples_split': 10, 'n_estimators': 200}",,,,,,,,1
225,0.019186973571777344,0.00048391358006909935,0.001402568817138672,0.0004902236736677193,10,,2,2,50,"{'max_depth': 10, 'max_features': None, 'min_samples_leaf': 2, 'min_samples_split': 2, 'n_estimators': 50}",,,,,,,,1
226,0.03910861015319824,0.003283901123702793,0.0021061420440673826,0.00020027582981561062,10,,2,2,100,"{'max_depth': 10, 'max_features': None, 'min_samples_leaf': 2, 'min_samples_split': 2, 'n_estimators': 100}",,,,,,,,1
227,0.08151330947875976,0.00953018697280807,0.003302907943725586,0.0002469249370564948,10,,2,2,200,"{'max_depth': 10, 'max_features': None, 'min_samples_leaf': 2, 'min_samples_split': 2, 'n_estimators': 200}",,,,,,,,1
228,0.018823003768920897,0.0006422504549223197,0.001412343978881836,0.000593429971926145,10,,2,5,50,"{'max_depth': 10, 'max_features': None, 'min_samples_leaf': 2, 'min_samples_split': 5, 'n_estimators': 50}",,,,,,,,1
229,0.03809752464294434,0.0020734557252372154,0.0021008014678955077,0.0002029688380755081,10,,2,5,100,"{'max_depth': 10, 'max_features': None, 'min_samples_leaf': 2, 'min_samples_split': 5, 'n_estimators': 100}",,,,,,,,1
230,0.07733325958251953,0.002896069227701828,0.0033048152923583984,0.0003991169627337008,10,,2,5,200,"{'max_depth': 10, 'max_features': None, 'min_samples_leaf': 2, 'min_samples_split': 5, 'n_estimators': 200}",,,,,,,,1
231,0.019466161727905273,0.0010314158139736807,0.0011005878448486328,0.00020108248403278455,10,,2,10,50,"{'max_depth': 10, 'max_features': None, 'min_samples_leaf': 2, 'min_samples_split': 10, 'n_estimators': 50}",,,,,,,,1
232,0.037665271759033205,0.001402755468942093,0.002103757858276367,0.00020188000232233632,10,,2,10,100,"{'max_depth': 10, 'max_features': None, 'min_samples_leaf': 2, 'min_samples_split': 10, 'n_estimators': 100}",,,,,,,,1
233,0.07487277984619141,0.0032584911917567724,0.003011941909790039,1.938388502519402e-05,10,,2,10,200,"{'max_depth': 10, 'max_features': None, 'min_samples_leaf': 2, 'min_samples_split': 10, 'n_estimators': 200}",,,,,,,,1
234,0.019466161727905273,0.0011509097960880179,0.0017024517059326173,0.0003991185008986951,10,,4,2,50,"{'max_depth': 10, 'max_features': None, 'min_samples_leaf': 4, 'min_samples_split': 2, 'n_estimators': 50}",,,,,,,,1
235,0.036142921447753905,0.0007367273378753001,0.0020006656646728515,0.0006324886519642343,10,,4,2,100,"{'max_depth': 10, 'max_features': None, 'min_samples_leaf': 4, 'min_samples_split': 2, 'n_estimators': 100}",,,,,,,,1
236,0.07514491081237792,0.0016703970633158373,0.002803611755371094,0.0005118422208562605,10,,4,2,200,"{'max_depth': 10, 'max_features': None, 'min_samples_leaf': 4, 'min_samples_split': 2, 'n_estimators': 200}",,,,,,,,1
237,0.019741106033325195,0.0019650214007891835,0.0019032478332519532,0.0004917271936487371,10,,4,5,50,"{'max_depth': 10, 'max_features': None, 'min_samples_leaf': 4, 'min_samples_split': 5, 'n_estimators': 50}",,,,,,,,1
238,0.03816661834716797,0.0016244829603695799,0.0021997928619384766,0.00039904121501603557,10,,4,5,100,"{'max_depth': 10, 'max_features': None, 'min_samples_leaf': 4, 'min_samples_split': 5, 'n_estimators': 100}",,,,,,,,1
239,0.07463064193725585,0.0027609759095768406,0.0033011436462402344,0.00040102841303901423,10,,4,5,200,"{'max_depth': 10, 'max_features': None, 'min_samples_leaf': 4, 'min_samples_split': 5, 'n_estimators': 200}",,,,,,,,1
240,0.01932950019836426,0.0009785647629737826,0.0010000228881835937,8.064048063892252e-07,10,,4,10,50,"{'max_depth': 10, 'max_features': None, 'min_samples_leaf': 4, 'min_samples_split': 10, 'n_estimators': 50}",,,,,,,,1
241,0.03656153678894043,0.0006406159021234275,0.0021036624908447265,0.0002019223010174107,10,,4,10,100,"{'max_depth': 10, 'max_features': None, 'min_samples_leaf': 4, 'min_samples_split': 10, 'n_estimators': 100}",,,,,,,,1
242,0.07275075912475586,0.0023330727215651165,0.0031022548675537108,0.0006638106134278152,10,,4,10,200,"{'max_depth': 10, 'max_features': None, 'min_samples_leaf': 4, 'min_samples_split': 10, 'n_estimators': 200}",,,,,,,,1
243,0.01861605644226074,0.0004907391477033051,0.0013004302978515624,0.00040047374191002407,20,sqrt,1,2,50,"{'max_depth': 20, 'max_features': 'sqrt', 'min_samples_leaf': 1, 'min_samples_split': 2, 'n_estimators': 50}",,,,,,,,1
244,0.03836665153503418,0.001853413617909438,0.0018039703369140624,0.00024156843395475584,20,sqrt,1,2,100,"{'max_depth': 20, 'max_features': 'sqrt', 'min_samples_leaf': 1, 'min_samples_split': 2, 'n_estimators': 100}",,,,,,,,1
245,0.07400174140930176,0.002176351787553903,0.003400278091430664,0.000488560459841158,20,sqrt,1,2,200,"{'max_depth': 20, 'max_features': 'sqrt', 'min_samples_leaf': 1, 'min_samples_split': 2, 'n_estimators': 200}",,,,,,,,1
246,0.019027185440063477,0.0007800065213185654,0.0012076377868652343,0.0002473842665675771,20,sqrt,1,5,50,"{'max_depth': 20, 'max_features': 'sqrt', 'min_samples_leaf': 1, 'min_samples_split': 5, 'n_estimators': 50}",,,,,,,,1
247,0.03715558052062988,0.0011576510818265254,0.002003383636474609,0.000549997554774866,20,sqrt,1,5,100,"{'max_depth': 20, 'max_features': 'sqrt', 'min_samples_leaf': 1, 'min_samples_split': 5, 'n_estimators': 100}",,,,,,,,1
248,0.07611331939697266,0.004569515737577238,0.003402042388916016,0.00037457291558757764,20,sqrt,1,5,200,"{'max_depth': 20, 'max_features': 'sqrt', 'min_samples_leaf': 1, 'min_samples_split': 5, 'n_estimators': 200}",,,,,,,,1
249,0.018237876892089843,0.0006884222653096268,0.00120086669921875,0.0003998532597150798,20,sqrt,1,10,50,"{'max_depth': 20, 'max_features': 'sqrt', 'min_samples_leaf': 1, 'min_samples_split': 10, 'n_estimators': 50}",,,,,,,,1
250,0.03561582565307617,0.0005518617246331043,0.001801443099975586,0.0004002901935697858,20,sqrt,1,10,100,"{'max_depth': 20, 'max_features': 'sqrt', 'min_samples_leaf': 1, 'min_samples_split': 10, 'n_estimators': 100}",,,,,,,,1
251,0.07407479286193848,0.003108140078427419,0.0034024715423583984,0.0005837718905256788,20,sqrt,1,10,200,"{'max_depth': 20, 'max_features': 'sqrt', 'min_samples_leaf': 1, 'min_samples_split': 10, 'n_estimators': 200}",,,,,,,,1
252,0.018517398834228517,0.0004472364123773425,0.001000690460205078,2.2838459043174833e-06,20,sqrt,2,2,50,"{'max_depth': 20, 'max_features': 'sqrt', 'min_samples_leaf': 2, 'min_samples_split': 2, 'n_estimators': 50}",,,,,,,,1
253,0.03568625450134277,0.000557394634780189,0.0022501468658447264,0.0007077012285929575,20,sqrt,2,2,100,"{'max_depth': 20, 'max_features': 'sqrt', 'min_samples_leaf': 2, 'min_samples_split': 2, 'n_estimators': 100}",,,,,,,,1
254,0.07109017372131347,0.0012376298327543814,0.002901935577392578,0.0004917164011607635,20,sqrt,2,2,200,"{'max_depth': 20, 'max_features': 'sqrt', 'min_samples_leaf': 2, 'min_samples_split': 2, 'n_estimators': 200}",,,,,,,,1
255,0.02042531967163086,0.002926159978895659,0.0013009071350097655,0.0006035096533361354,20,sqrt,2,5,50,"{'max_depth': 20, 'max_features': 'sqrt', 'min_samples_leaf': 2, 'min_samples_split': 5, 'n_estimators': 50}",,,,,,,,1
256,0.03694329261779785,0.0008679492147372389,0.0020039558410644533,4.047221216950024e-06,20,sqrt,2,5,100,"{'max_depth': 20, 'max_features': 'sqrt', 'min_samples_leaf': 2, 'min_samples_split': 5, 'n_estimators': 100}",,,,,,,,1
257,0.07100553512573242,0.0016740901426136614,0.003000307083129883,2.1715731690856364e-06,20,sqrt,2,5,200,"{'max_depth': 20, 'max_features': 'sqrt', 'min_samples_leaf': 2, 'min_samples_split': 5, 'n_estimators': 200}",,,,,,,,1
258,0.017930364608764647,0.00036731675327546063,0.0015216827392578124,0.0006297855284166154,20,sqrt,2,10,50,"{'max_depth': 20, 'max_features': 'sqrt', 'min_samples_leaf': 2, 'min_samples_split': 10, 'n_estimators': 50}",,,,,,,,1
259,0.03659248352050781,0.002850188335512459,0.0021099090576171876,0.0001980316027510948,20,sqrt,2,10,100,"{'max_depth': 20, 'max_features': 'sqrt', 'min_samples_leaf': 2, 'min_samples_split': 10, 'n_estimators': 100}",,,,,,,,1
260,0.07179145812988282,0.0007409543648571224,0.003307962417602539,0.0006817260087871549,20,sqrt,2,10,200,"{'max_depth': 20, 'max_features': 'sqrt', 'min_samples_leaf': 2, 'min_samples_split': 10, 'n_estimators': 200}",,,,,,,,1
261,0.018331527709960938,0.00040121847521187555,0.001402139663696289,0.0004918359052756077,20,sqrt,4,2,50,"{'max_depth': 20, 'max_features': 'sqrt', 'min_samples_leaf': 4, 'min_samples_split': 2, 'n_estimators': 50}",,,,,,,,1
262,0.03837275505065918,0.0029796313290366503,0.002021169662475586,0.0006345846217251713,20,sqrt,4,2,100,"{'max_depth': 20, 'max_features': 'sqrt', 'min_samples_leaf': 4, 'min_samples_split': 2, 'n_estimators': 100}",,,,,,,,1
263,0.07131438255310059,0.0008763359477367415,0.003206014633178711,0.0002543487573572509,20,sqrt,4,2,200,"{'max_depth': 20, 'max_features': 'sqrt', 'min_samples_leaf': 4, 'min_samples_split': 2, 'n_estimators': 200}",,,,,,,,1
264,0.0179349422454834,0.00019974500814866065,0.0011996746063232422,0.0004002098103719924,20,sqrt,4,5,50,"{'max_depth': 20, 'max_features': 'sqrt', 'min_samples_leaf': 4, 'min_samples_split': 5, 'n_estimators': 50}",,,,,,,,1
265,0.03669905662536621,0.001702987825256233,0.0017006874084472656,0.0003990383603079358,20,sqrt,4,5,100,"{'max_depth': 20, 'max_features': 'sqrt', 'min_samples_leaf': 4, 'min_samples_split': 5, 'n_estimators': 100}",,,,,,,,1
266,0.07056164741516113,0.001114610911683241,0.002904033660888672,0.00019843488820451684,20,sqrt,4,5,200,"{'max_depth': 20, 'max_features': 'sqrt', 'min_samples_leaf': 4, 'min_samples_split': 5, 'n_estimators': 200}",,,,,,,,1
267,0.018640804290771484,0.0005115094095152332,0.000999784469604492,5.56082906231432e-07,20,sqrt,4,10,50,"{'max_depth': 20, 'max_features': 'sqrt', 'min_samples_leaf': 4, 'min_samples_split': 10, 'n_estimators': 50}",,,,,,,,1
268,0.03537197113037109,0.00047394138819014796,0.0020038604736328123,5.008833332065086e-06,20,sqrt,4,10,100,"{'max_depth': 20, 'max_features': 'sqrt', 'min_samples_leaf': 4, 'min_samples_split': 10, 'n_estimators': 100}",,,,,,,,1
269,0.07149734497070312,0.0011021745485738875,0.0032012462615966797,0.00040090448118105886,20,sqrt,4,10,200,"{'max_depth': 20, 'max_features': 'sqrt', 'min_samples_leaf': 4, 'min_samples_split': 10, 'n_estimators': 200}",,,,,,,,1
270,0.01900653839111328,0.0010364250984658766,0.001501178741455078,0.0004464374645351009,20,log2,1,2,50,"{'max_depth': 20, 'max_features': 'log2', 'min_samples_leaf': 1, 'min_samples_split': 2, 'n_estimators': 50}",,,,,,,,1
271,0.036631536483764646,0.000748983265417775,0.0020005226135253905,7.599533772711385e-07,20,log2,1,2,100,"{'max_depth': 20, 'max_features': 'log2', 'min_samples_leaf': 1, 'min_samples_split': 2, 'n_estimators': 100}",,,,,,,,1
272,0.07717204093933105,0.006592916283151473,0.003403186798095703,0.00037476176081936024,20,log2,1,2,200,"{'max_depth': 20, 'max_features': 'log2', 'min_samples_leaf': 1, 'min_samples_split': 2, 'n_estimators': 200}",,,,,,,,1
273,0.01828169822692871,0.000982877034134031,0.00139923095703125,0.0004894344116463026,20,log2,1,5,50,"{'max_depth': 20, 'max_features': 'log2', 'min_samples_leaf': 1, 'min_samples_split': 5, 'n_estimators': 50}",,,,,,,,1
274,0.03571906089782715,0.0006955826901442684,0.0022009849548339845,0.00039868726923656403,20,log2,1,5,100,"{'max_depth': 20, 'max_features': 'log2', 'min_samples_leaf': 1, 'min_samples_split': 5, 'n_estimators': 100}",,,,,,,,1
275,0.07289462089538574,0.002936297077091878,0.0030065536499023437,8.754345837633775e-06,20,log2,1,5,200,"{'max_depth': 20, 'max_features': 'log2', 'min_samples_leaf': 1, 'min_samples_split': 5, 'n_estimators': 200}",,,,,,,,1
276,0.018069744110107422,0.0005241370964554754,0.0010000705718994141,2.86102294921875e-07,20,log2,1,10,50,"{'max_depth': 20, 'max_features': 'log2', 'min_samples_leaf': 1, 'min_samples_split': 10, 'n_estimators': 50}",,,,,,,,1
277,0.036490440368652344,0.0005501556732075625,0.0018039703369140624,0.0005119569338351702,20,log2,1,10,100,"{'max_depth': 20, 'max_features': 'log2', 'min_samples_leaf': 1, 'min_samples_split': 10, 'n_estimators': 100}",,,,,,,,1
278,0.07284746170043946,0.0019103036436954163,0.0033036231994628905,0.00039980160086650545,20,log2,1,10,200,"{'max_depth': 20, 'max_features': 'log2', 'min_samples_leaf': 1, 'min_samples_split': 10, 'n_estimators': 200}",,,,,,,,1
279,0.018347692489624024,0.0004031445803877618,0.001602935791015625,0.0004905066821867854,20,log2,2,2,50,"{'max_depth': 20, 'max_features': 'log2', 'min_samples_leaf': 2, 'min_samples_split': 2, 'n_estimators': 50}",,,,,,,,1
280,0.03668122291564942,0.001909899355500361,0.0018004417419433595,0.00040097680351949605,20,log2,2,2,100,"{'max_depth': 20, 'max_features': 'log2', 'min_samples_leaf': 2, 'min_samples_split': 2, 'n_estimators': 100}",,,,,,,,1
281,0.0714343547821045,0.0008493235958864364,0.003643321990966797,0.00041678165599234754,20,log2,2,2,200,"{'max_depth': 20, 'max_features': 'log2', 'min_samples_leaf': 2, 'min_samples_split': 2, 'n_estimators': 200}",,,,,,,,1
282,0.018323326110839845,0.0005940042338067912,0.0013022422790527344,0.00040103856178947566,20,log2,2,5,50,"{'max_depth': 20, 'max_features': 'log2', 'min_samples_leaf': 2, 'min_samples_split': 5, 'n_estimators': 50}",,,,,,,,1
283,0.03692750930786133,0.001992996765291158,0.0020000457763671873,7.599533772711385e-07,20,log2,2,5,100,"{'max_depth': 20, 'max_features': 'log2', 'min_samples_leaf': 2, 'min_samples_split': 5, 'n_estimators': 100}",,,,,,,,1
284,0.07273335456848144,0.0032490202798888864,0.0030019283294677734,0.00031549273937163413,20,log2,2,5,200,"{'max_depth': 20, 'max_features': 'log2', 'min_samples_leaf': 2, 'min_samples_split': 5, 'n_estimators': 200}",,,,,,,,1
285,0.01809382438659668,0.0003528737696776795,0.0012015819549560547,0.000248637471505146,20,log2,2,10,50,"{'max_depth': 20, 'max_features': 'log2', 'min_samples_leaf': 2, 'min_samples_split': 10, 'n_estimators': 50}",,,,,,,,1
286,0.0377227783203125,0.00405450960878626,0.001921367645263672,0.0004855614168299452,20,log2,2,10,100,"{'max_depth': 20, 'max_features': 'log2', 'min_samples_leaf': 2, 'min_samples_split': 10, 'n_estimators': 100}",,,,,,,,1
287,0.07150564193725586,0.0011303884574924196,0.003000497817993164,0.0003174937064813638,20,log2,2,10,200,"{'max_depth': 20, 'max_features': 'log2', 'min_samples_leaf': 2, 'min_samples_split': 10, 'n_estimators': 200}",,,,,,,,1
288,0.018320417404174803,0.0008681562222286926,0.0014638423919677735,0.00045268784680190893,20,log2,4,2,50,"{'max_depth': 20, 'max_features': 'log2', 'min_samples_leaf': 4, 'min_samples_split': 2, 'n_estimators': 50}",,,,,,,,1
289,0.03727850914001465,0.002220999693394575,0.002105379104614258,0.0002010585785928999,20,log2,4,2,100,"{'max_depth': 20, 'max_features': 'log2', 'min_samples_leaf': 4, 'min_samples_split': 2, 'n_estimators': 100}",,,,,,,,1
290,0.07159771919250488,0.0008359945530195004,0.003102731704711914,0.0002040431498421184,20,log2,4,2,200,"{'max_depth': 20, 'max_features': 'log2', 'min_samples_leaf': 4, 'min_samples_split': 2, 'n_estimators': 200}",,,,,,,,1
291,0.020192909240722656,0.0024316954569147302,0.0009996414184570313,0.0006327870809196956,20,log2,4,5,50,"{'max_depth': 20, 'max_features': 'log2', 'min_samples_leaf': 4, 'min_samples_split': 5, 'n_estimators': 50}",,,,,,,,1
292,0.03605895042419434,0.0006985564833312769,0.002201271057128906,0.00039914116820582844,20,log2,4,5,100,"{'max_depth': 20, 'max_features': 'log2', 'min_samples_leaf': 4, 'min_samples_split': 5, 'n_estimators': 100}",,,,,,,,1
293,0.0726959228515625,0.002266771114524687,0.0032085895538330076,0.00040814429144816735,20,log2,4,5,200,"{'max_depth': 20, 'max_features': 'log2', 'min_samples_leaf': 4, 'min_samples_split': 5, 'n_estimators': 200}",,,,,,,,1
294,0.018271875381469727,0.00044113280965972756,0.0012012004852294921,0.00024660607184760514,20,log2,4,10,50,"{'max_depth': 20, 'max_features': 'log2', 'min_samples_leaf': 4, 'min_samples_split': 10, 'n_estimators': 50}",,,,,,,,1
295,0.036181974411010745,0.0009782888382614107,0.002109336853027344,0.00038116876531695985,20,log2,4,10,100,"{'max_depth': 20, 'max_features': 'log2', 'min_samples_leaf': 4, 'min_samples_split': 10, 'n_estimators': 100}",,,,,,,,1
296,0.07169690132141113,0.0018397770485813513,0.003200197219848633,0.0003995250237854784,20,log2,4,10,200,"{'max_depth': 20, 'max_features': 'log2', 'min_samples_leaf': 4, 'min_samples_split': 10, 'n_estimators': 200}",,,,,,,,1
297,0.020023918151855467,0.0005504493115717326,0.0011029243469238281,0.0002022107229825981,20,,1,2,50,"{'max_depth': 20, 'max_features': None, 'min_samples_leaf': 1, 'min_samples_split': 2, 'n_estimators': 50}",,,,,,,,1
298,0.039389848709106445,0.0007466397928796298,0.0022789955139160155,0.000460137218886018,20,,1,2,100,"{'max_depth': 20, 'max_features': None, 'min_samples_leaf': 1, 'min_samples_split': 2, 'n_estimators': 100}",,,,,,,,1
299,0.0772660255432129,0.0013240631066393524,0.003107500076293945,0.00020382082910175406,20,,1,2,200,"{'max_depth': 20, 'max_features': None, 'min_samples_leaf': 1, 'min_samples_split': 2, 'n_estimators': 200}",,,,,,,,1
300,0.01943049430847168,0.0006151808590251561,0.0011997699737548828,0.00040004268662492806,20,,1,5,50,"{'max_depth': 20, 'max_features': None, 'min_samples_leaf': 1, 'min_samples_split': 5, 'n_estimators': 50}",,,,,,,,1
301,0.0373936653137207,0.001253230542153318,0.001999950408935547,4.422005889652111e-07,20,,1,5,100,"{'max_depth': 20, 'max_features': None, 'min_samples_leaf': 1, 'min_samples_split': 5, 'n_estimators': 100}",,,,,,,,1
302,0.07390170097351074,0.0008887103420881995,0.0030028820037841797,0.0003175706834635318,20,,1,5,200,"{'max_depth': 20, 'max_features': None, 'min_samples_leaf': 1, 'min_samples_split': 5, 'n_estimators': 200}",,,,,,,,1
303,0.01821737289428711,0.0006046904982912601,0.0009005546569824218,0.0004906227178486362,20,,1,10,50,"{'max_depth': 20, 'max_features': None, 'min_samples_leaf': 1, 'min_samples_split': 10, 'n_estimators': 50}",,,,,,,,1
304,0.03680329322814942,0.0006488866801482007,0.0019006729125976562,0.0006617541546125297,20,,1,10,100,"{'max_depth': 20, 'max_features': None, 'min_samples_leaf': 1, 'min_samples_split': 10, 'n_estimators': 100}",,,,,,,,1
305,0.0736459732055664,0.0023496674401671906,0.003101158142089844,0.00019989292355771434,20,,1,10,200,"{'max_depth': 20, 'max_features': None, 'min_samples_leaf': 1, 'min_samples_split': 10, 'n_estimators': 200}",,,,,,,,1
306,0.019004344940185547,0.00033105519918306226,0.0012018203735351563,0.0003993972893971297,20,,2,2,50,"{'max_depth': 20, 'max_features': None, 'min_samples_leaf': 2, 'min_samples_split': 2, 'n_estimators': 50}",,,,,,,,1
307,0.037752294540405275,0.0008092665062578163,0.001800537109375,0.00040018849333455463,20,,2,2,100,"{'max_depth': 20, 'max_features': None, 'min_samples_leaf': 2, 'min_samples_split': 2, 'n_estimators': 100}",,,,,,,,1
308,0.07506675720214843,0.0029318847502051706,0.003101634979248047,0.0006658056323051312,20,,2,2,200,"{'max_depth': 20, 'max_features': None, 'min_samples_leaf': 2, 'min_samples_split': 2, 'n_estimators': 200}",,,,,,,,1
309,0.019424247741699218,0.0005617375563269976,0.0016242504119873048,0.0005071315193677675,20,,2,5,50,"{'max_depth': 20, 'max_features': None, 'min_samples_leaf': 2, 'min_samples_split': 5, 'n_estimators': 50}",,,,,,,,1
310,0.03755230903625488,0.00084481126952394,0.0019033432006835937,0.0001975672441178024,20,,2,5,100,"{'max_depth': 20, 'max_features': None, 'min_samples_leaf': 2, 'min_samples_split': 5, 'n_estimators': 100}",,,,,,,,1
311,0.07402119636535645,0.0010675368020027839,0.0036353111267089845,0.0010547014777657177,20,,2,5,200,"{'max_depth': 20, 'max_features': None, 'min_samples_leaf': 2, 'min_samples_split': 5, 'n_estimators': 200}",,,,,,,,1
312,0.019732236862182617,0.0015449767346289425,0.0013019084930419923,0.0006043204448717884,20,,2,10,50,"{'max_depth': 20, 'max_features': None, 'min_samples_leaf': 2, 'min_samples_split': 10, 'n_estimators': 50}",,,,,,,,1
313,0.03647236824035645,0.0007474014188941838,0.002105712890625,0.0005846268390488498,20,,2,10,100,"{'max_depth': 20, 'max_features': None, 'min_samples_leaf': 2, 'min_samples_split': 10, 'n_estimators': 100}",,,,,,,,1
314,0.07221951484680175,0.0015664802358461888,0.0027005672454833984,0.0003997128542169512,20,,2,10,200,"{'max_depth': 20, 'max_features': None, 'min_samples_leaf': 2, 'min_samples_split': 10, 'n_estimators': 200}",,,,,,,,1
315,0.0193173885345459,0.0018890202742716737,0.0009994029998779297,6.468133910298603e-07,20,,4,2,50,"{'max_depth': 20, 'max_features': None, 'min_samples_leaf': 4, 'min_samples_split': 2, 'n_estimators': 50}",,,,,,,,1
316,0.035802793502807614,0.00023737729612783998,0.001901865005493164,0.0004917850963423089,20,,4,2,100,"{'max_depth': 20, 'max_features': None, 'min_samples_leaf': 4, 'min_samples_split': 2, 'n_estimators': 100}",,,,,,,,1
317,0.07268500328063965,0.0015801352448291345,0.0031508922576904295,0.0007349164027122288,20,,4,2,200,"{'max_depth': 20, 'max_features': None, 'min_samples_leaf': 4, 'min_samples_split': 2, 'n_estimators': 200}",,,,,,,,1
318,0.018503665924072266,0.0010027045665084587,0.0010006427764892578,0.0006328624368223877,20,,4,5,50,"{'max_depth': 20, 'max_features': None, 'min_samples_leaf': 4, 'min_samples_split': 5, 'n_estimators': 50}",,,,,,,,1
319,0.037156200408935545,0.0005870552278457831,0.0019013404846191407,0.0004912359278002336,20,,4,5,100,"{'max_depth': 20, 'max_features': None, 'min_samples_leaf': 4, 'min_samples_split': 5, 'n_estimators': 100}",,,,,,,,1
320,0.07353062629699707,0.0021565173297251605,0.0029020309448242188,0.00019909438917124753,20,,4,5,200,"{'max_depth': 20, 'max_features': None, 'min_samples_leaf': 4, 'min_samples_split': 5, 'n_estimators': 200}",,,,,,,,1
321,0.018830060958862305,0.0005971279822408495,0.0013018608093261718,0.00024662553474586406,20,,4,10,50,"{'max_depth': 20, 'max_features': None, 'min_samples_leaf': 4, 'min_samples_split': 10, 'n_estimators': 50}",,,,,,,,1
322,0.036717796325683595,0.001304797255828272,0.0018010616302490234,0.0003994974722217033,20,,4,10,100,"{'max_depth': 20, 'max_features': None, 'min_samples_leaf': 4, 'min_samples_split': 10, 'n_estimators': 100}",,,,,,,,1
323,0.07449684143066407,0.00263314130773764,0.0036036491394042967,0.0009745020732185531,20,,4,10,200,"{'max_depth': 20, 'max_features': None, 'min_samples_leaf': 4, 'min_samples_split': 10, 'n_estimators': 200}",,,,,,,,1
